<?xml version="1.0" encoding="UTF-8"?>
<!DOCTYPE suite SYSTEM "http://testng.org/testng-1.0.dtd">
<suite name="Suite">
<listeners>
	<listener class-name="com.qa.atlasoil.reports.listener.Weblisteners"/>
</listeners>
 <test name="Check for the checkbox unavailibility">
    <classes>
      <class name="com.qa.atlasoil.ecomm.testsuite.CheckboxVerify"/>
    </classes>
  </test>

 <test name="BOL jpg creation">
    <classes>
      <class name="com.qa.atlasoil.restassured.testsuite.FNNRequestBOLpdf"/>
    </classes>
  </test> 
 <test name="DT jpg creation">
    <classes>
      <class name="com.qa.atlasoil.restassured.testsuite.FNNRequestDTjpg"/>
    </classes>
  </test> 
  <!-- <test name="Downlaod_BOLandDT_From_Dashboard">
    <classes>
      <class name="com.qa.atlasoil.ecomm.testsuite.DownloadAllBolDtFromDashboard"/>
    </classes>
  </test>  -->
   <test name="Download_BOLandDT_For_CheckedOrder">
    <classes>
      <class name="com.qa.atlasoil.ecomm.testsuite.DownloadCheckedOrder"/>
    </classes>
  </test>
  <!-- <test name="Download_BOLandDT_From_DetailsPage">
    <classes>
      <class name="com.qa.atlasoil.ecomm.testsuite.AllDownloadFromDetails"/>
    </classes>
  </test> 
  <test name="Atlas_NormalFlow">
    <classes>
      <class name="com.qa.atlasoil.ecomm.testsuite.AtlasFlowToViewDetailsOfOrder"/>
    </classes>
  </test>
  -->
	 
</suite> 
